Prodotto,Descrizione
Prodotto 1,"MORELIA DNA JAPAN








Unisex
Calcio
1 color







        
        €350.00"
Prodotto 2,"MIZUNO Α II ELITE AG








Unisex
Calcio
2 colors







        
        €200.00"
Prodotto 3,"MIZUNO Α II ELITE








Unisex
Calcio
2 colors







        
        €200.00"
Prodotto 4,"MIZUNO Α II SELECT JR








Junior
Calcio
1 color







        
        €80.00"
Prodotto 5,"MIZUNO ALPHA II JAPAN








Unisex
Calcio
3 colors







        
        €330.00"
Prodotto 6,"MORELIA NEO IV PRO AG








Unisex
Calcio
2 colors







        
        €130.00"
Prodotto 7,"MORELIA NEO IV BETA ELITE








Unisex
Calcio
2 colors







        
        €210.00"
Prodotto 8,"MONARCIDA NEO III SELECT JR








Junior
Calcio
2 colors







        
        €65.00"
Prodotto 9,"MORELIA NEO IV PRO








Unisex
Calcio
2 colors







        
        €130.00"
Prodotto 10,"MIZUNO Α II ELITE








Unisex
Calcio
2 colors







        
        €200.00"
Prodotto 11,"MIZUNO ALPHA II JAPAN








Unisex
Calcio
3 colors







        
        €330.00"
Prodotto 12,"MONARCIDA NEO III SELECT JR








Junior
Calcio
2 colors







        
        €65.00"
Prodotto 13,"MONARCIDA NEO III SELECT








Unisex
Calcio
2 colors







        
        €70.00"
Prodotto 14,"MORELIA NEO IV BETA ELITE SI








Unisex
Calcio
2 colors







        
        €220.00"
Prodotto 15,"MORELIA NEO IV BETA ELITE SI








Unisex
Calcio
2 colors







        
        €220.00"
Prodotto 16,"MONARCIDA NEO III SELECT








Unisex
Calcio
2 colors







        
        €70.00"
Prodotto 17,"MONARCIDA NEO III SELECT JR AS








Junior
Calcio
1 color







        
        €65.00"
Prodotto 18,"MORELIA NEO IV BETA ELITE MIX








Unisex
Calcio
2 colors







        
        €220.00"
Prodotto 19,"MORELIA NEO IV BETA JAPAN








Unisex
Calcio
2 colors







        
        €350.00"
Prodotto 20,"MIZUNO Α II PRO








Unisex
Calcio
2 colors







        
        €160.00"
Prodotto 21,"MORELIA NEO IV PRO








Unisex
Calcio
2 colors







        
        €130.00"
Prodotto 22,"MORELIA NEO IV BETA ELITE MIX








Unisex
Calcio
2 colors







        
        €220.00"
Prodotto 23,"MIZUNO Α II PRO








Unisex
Calcio
2 colors







        
        €160.00"
Prodotto 24,"MIZUNO ALPHA II JAPAN








Unisex
Calcio
3 colors







        
        €330.00"
